Input Size,Execution Time (seconds)
100,0.0037046
300,0.0798524
500,0.521721
