Input Size,Execution Time (seconds)
1000,0
100000,0.028104
1000000,1.11356
