Input Size,Execution Time (seconds)
100,0.00040192604064941405
300,0.002533626556396484
500,0.010566091537475586
