Input Size,Execution Time (seconds)
20,0.007287216186523437
30,0.47237863540649416
40,80.85460543632507
