Input Size,Execution Time (seconds)
100,0.33913507461547854
300,9.153970336914062
500,64.27776918411254
