Input Size,Execution Time (seconds)
1000,0.005121946334838867
100000,0.39060277938842775
1000000,4.753386211395264
